cluster,m_l,b_l,m_r,b_r,max_rate_water
0,-0.44303797468354433,0.6632911392405063,0.11982197877439234,1.0910647038685382,-0.76
1,-0.7961783439490446,0.6592356687898089,0.22810218978102192,1.0976277372262775,-0.428
2,-0.5409582689335394,0.6769706336939721,0.19673974142776837,1.1174817313097245,-0.5971428571428572
3,-0.6373937677053825,0.6579320113314447,0.16910935738444194,1.0907553551296505,-0.5366666666666666
4,-1.3157894736842106,0.6578947368421053,0.3184713375796178,1.0828025477707006,-0.26
5,-1.4705882352941178,0.6470588235294117,0.32679738562091504,1.0784313725490196,-0.24
6,-0.7722007722007722,0.6718146718146718,0.23696682464454977,1.1007109004739337,-0.425
