cluster,m_l,b_l,m_r,b_r,max_rate_temp
0,0.022386547685008133,0.24100277319592833,-0.056836883139534916,2.1216396520514964,23.814285714285717
1,0.4511062934641121,-0.9326824015779609,-1.435427775917874,52.85245070929612,28.54
2,0.33043631915786953,-2.566619749282973,-1.2083315103658525,42.39517413512192,29.228571428571428
3,0.061551791077036226,-0.33596147932566056,-0.1523362864304124,5.418093920708335,26.944444444444443
4,0.4379930964723925,-1.1094647269754585,-1.6001772394736826,60.80673509999994,30.4
5,0.42348668843815834,-4.622498935981403,-1.3481638189285714,44.35458964275,27.3
6,0.40506626023253656,-3.068225454860606,-1.267440053482142,53.01068023689059,33.425
